column1,column2,column3,freetext1,column5,freetext2
diamondwise panic-prone Leon dioptometry,turbanwise,lactovegetarian Law contagia coresidual,unstyled Moorship Merriman,strikebound paedotribe stippledness frame-house embarment,sepias argentic Lethean unperceiving shake-down
BSM Christianness Y.M.H.A.,sahlite cenospecifically McCausland,undertraded,preexperiencing incompliant paludicole ectorganism ideational song-singing,isostere weirdo rearling ominate,rebawl suppressions codesigning provincialisms
epiglot Changuinan vice-chancellor squamulation amplificator,serodiagnostic suss unfishable purgative,pinker pimpled,himne puppetry,excrescent overprinting radialize titters,"superaspiration  cold-chiseling diaphonical"
gametes unsubscribed toadies,normocytic pesterer cross-lift cheekbones,Chelonia Bozman trikerion,leucocyte leopard's-bane glabreity litigants diplodocuses,nonfragrant nondependent housy mesoxalic tehseel,remodelled tyrant-quelling asterite ridder
tahsil misentries daubes Analomink repandolobate,amphib purveys,hiked renormalizing placelessly amphigam metapophyseal,recueillement indiscernibly begoud short-toed,attemptive surtaxes,prespecifically kojiri hematoidin retiringly caudatum
Cucumariidae Matawan befleck cicadas expunged,suspirious Auxier voilier,myocomma barkened overillustrative,double-dare tumbril antisensitivity nonconfirming dog-gnawn,unifloral incuriousness wrapping-gown floriken,disavowal unconvincibility Hertford
nivellator unsuspectfulness Fulcher,allothimorphic Khalil magnetofluidmechanic,Pontederia ihleite,disinfective globous prebellum Daniels,blindweed subgod toea winsomeness,agilities stork-billed revolter solido ungutted
Glhwein vigs disjointing MTX,Salzgitter Parthen,recommendability alsmekill,Alphonsine skimmed philosophy,newfangledism cantraip sunstay telexes,ciliately Anakes
tileries Campbellite subpubic,huffer erythrophyll berrypicking Episcopalian,storken Barocchio preunites,retrocognitive trikes blankbook commorient,foredate pepla forficiform hydro- nephropexy,triodion chlorinity diluents reguard pseudencephalus
Phoenicales mythopoetize,bulbless tapet dihybrids half-civilized,unrejoiced foliary,Kantianism fore-cited,choanite,soft-foliaged cavils full-cell coasted
evil-pieced Lamar,Allionia monandry,ever-abiding mislest silverising,predeserter biomicroscopy bedwarfs repressurizing Olivie,tche tambala colinephritis revered chromatophorous,cohered Jehan logotypy quintans
upbid pseudogermanic subcodes pseudocarbamide carnify,quasi-consistent bathyhypesthesia starets Buke,Tashnagist,unparking phoo-phoo cyclohexane mercature,Ixil tigerwood boatmanship remilitarizes self-moving,microencapsulation boastings half-sightedness pituite
baths Souphanourong avarices devilism,chlorofluoromethane synergetic satiric,headworks,"noncitable  she-school",nonsensically abounder flukiest,"Nepos Discoplacentalia  yammerer Cavia"
veining narrow-jointed husbandliness roentgenoscopies,Fl. barracking snuggle synentognathous Addisoniana,begumming conceptacular,Bovill Mentcle,Brunonism Pozzy,merosomatous hullooed barbudos hajj unspelt
overprecision curblike,parabomb unphenomenally osteoscope crinkle-crankle well-contrasted,overwise,"priviest thionobenzoic  Iynx",cuspidors wardrobe's Freeport cypressroot tumbles,untreed dullishly otoblennorrhea
besodden obtest nonbank spice-laden practical-minded,unexcludable ponderative tigellum rusticism Arthropomata,surprisal,"dejects A/F  overclouds post-diluvian",self-server,Anglo-portuguese boggles Newmanite
canalage wretched-witched,bigotedly,Lewie tawny-skinned,wuzu dollarwise aspartate Calipatria pseudo-uniseptate touristically,libelist counterpropagation,outworkers she-relative cut-through triregnum
convertoplane gelotoscopy phosphatized ravellers crystal-girded,Thessalonians sepiost Axum Wikstroemia disenslave,Wilhelmstrasse cathine bow-legged,seatrain portico,incgrporate cityfied Arluene quasi-French,jugate cholecystnephrostomy petri Scharwenka bibbing
creditorship arboret o-o-a-a druggister,westwardly manufactory fytte,Spartacide Hypanis coenoblast acetonylidene grogger,"anthroponomics  MILR saffroned",upcoils,pedialgia Czajer
tangent botulins Pearlstein toxitabellae,recanvas bronze-haired,Antiphus Gaiseric consuming,Carmelo rhodymeniaceous Intercidona microvillus barangay,fleckier volcano's mulmul unclassified,metalizing hurry-scurry
Tonkawan procuratory flincher,Blairs alaloi,imbarge mozzetta subdataries equitist selenides,"diligency  well-labeled unscarceness epiphonemas",valvelike codable staned astrometeorological,fleece-vine shackled stoop-gallant eulogium skysail-yarder
nonofficeholding chouser,myocardiogram,ningle synneusis copywriters Proctotrypoidea,"unrepining  specklebelly Vlaardingen",funnel-chested lengthly ridgerope dicebox flooey,gargling neurataxia tritically attractant mercers
Sundays,impersonable pentacrinoid emptive undenotatively Elden,taboparalysis,hypertensely entheasm haunched sidelights,reorganize unwitherable grappler oast-houses outraise,Twum mesmerizers
depeculate Ephraimite gentleman-ranker,lifeboatman homo-,Heptateuch reles piepoudre,vellicated supersensibleness aetiogenic royetously carinula,sistra world-beater polyact thrilled,galactophagous uncontiguousness underproportioned
queers,ques sweltrier,batlike Vicia,psychoanalyze goodwillies benefices pott safetied Darice,chitlins,"unfretfully  Weisbrodt agentives"
spidered Hadden navagium triddler,stichous,nonlitigated deceivers Hanna,beaverteen faqirs merligo Chi-lin,quasi-cynically troches charterless well-beloved,Ptah polyact witmonger
pavonazzetto linguale blue-blackness,lyrated Dasahara,Shenyang sea-bred Zacateco Medici,enfierce eloper Argiopoidea moor-cock arglebargled,Olynthus,scourfish puzzleheadedness stagelike
shawfowl subshrub nympheal dairymen,ghostism sulphatizing unheedful insides uberties,Disciflorae Buononcini,"cross-examined dk. microwave  oleines",mantid warrantor tacuacine antimonarchicalness,nonimportation kinematical
silverbill Mizuki,demotists,becks benumb proboscidiferous antisensuousness heaped,"mochilas Indianized discographic  cauma",basicerite,handbolt Higginsville Whit sonnetisation
toccata oxalidaceous,exochorion pickeered Swartswood,Ossining eater-out,peritrochal unmelting glaze undertrade,actinometricy wrongheartedly revivable,vagrantlike amygdalolith
Klinges vinylacetylene drakefly millionairish,pontederiaceous expenditure fasciculation serrae shovels,metwand saturations POTS,"Stapelia poinded  Bratislava stillest chevetaine",cabler armisonous,ergothioneine Airlee egoistry
sewing eardrum touchiest nisberry,mightier,unclimactic Flemington health Chubb codicil,sidedress maniaphobia Lyssa lekvars sweetfish,excitomotor d- blamelessly boatloading unpreventableness,poor collineate
cutey forkwise forfends Harlequin briarwood,Paul unindividualized Rosalinda curucui,ordines heinies substantializing neuromimesis,razzle inadvisable Eohippus Ruscus Furman solemn-proud,nonrecuperation,Summershade davening
Stent bizonal freakery archprophet,chaparraz Witumki,imbosom untuckered uraniscus aneared,"pyoid cubocalcaneal  slope-roofed",ancylostomiasis suddens Thilda,bandylegged cleric waferer Megalesian
iodochlorid amidmost sliest zephyry,megalocardia stenting inracinate,wraxling isoseismic Isleta,cyclophoria throu waxflower,chrismary,pantropical Actinidia nonimitability
topophobia impudent linguistically,huck impoverishes trilingual pentacetate,DE balcone akinesia,"antisupernaturalistic  unlabiate nonexplosive makable",naphtols antoecians chanduy radicands,shoebrush anattos proffer kesslerman
pollutes QMP nuchalgia outstealing nonperformer,palaeornithology unheppen chatoyant,post-free tanjong ceratitic Glee zig,jipijapa twice-improved fajita soft-headedness,cake-eater dieldrin tasajillo humble-spirited,relationist antiputrescent stooker dazzler photophilic caloric
credulously pulmonated,nine-share Queridas bridemaid privileges,linkier flimflammer,pre-expend abrazo torpescence poinard,forums antihormone,intortus DSX churlishness lactific pyrrophyllin self-committing
oxygnathous,bolt-threading grumous straw-stuffed,algraphic massotherapist antiforeignism philozoist,"counterforce unremovable  rebirth",unconvertedness blosmy bayness,"Markham chittamwood  jackpots"
unstraddled,Waacs Cycas units cold-producing,counterassertion ukase moustached,Pompeian dew-bedabbled other-directedness,high-hatting cometology Shelby shankpiece weatherologist,Kaimo regimenal Ruffsdale syllabising
heckimal Butterworth pebble-paven Saros,phagocytable,surfactant subtleties,veneriform subumbral ile-,azoospermia goosegirl bitcheries,namesake oversmooth materiality
orchil cushily,litu skinny-dipt,cease pelerines retrolingual outfaming,miscooks Chengteh well-admitted Slavo-teuton,sciophilous,gooky neurotripsy hae enoughs
ligulin Lohrville mulla labiovelarize,diplomat,long-shaded severable forethought bivittate runically,"stockado small-tailed presentenced  preaccord",Gaetulan molalities marvel-of-Peru pochades,life-creating florican stunts prenomina
versifiers evil-taught meteorite forkbeard,evidences nurser denouncer Briard,unbatten,bonnetless Un-bostonian chatoyancy anaglyptic,noncausality acerbic,Elisia Millisent unexacerbated underpot RSTSE
vibraharps abolitionizing world-populating isoserine,kefiatoid dilution,goutweed Wallach,certif hyperpersonal unengaging,unsmilingness Sudetes,Appaloosa philopublican rate-raising
bedlamise well-narrated Makalu unrealised,outsparkling,woodnote pedestrianising osteometrical stearine,colorlessly undervoltage Behrens unperforated croy,Tzendal trepanation torgoch moderator eosinophilous,menostasis so-soish bridgework monodelph
NPN Albion moon-browed ribband saggiest,cricoidectomy,Berrellez luvs,behang plain unpestilential world-wandering,Lichnophoridae,Cyrtidae self-centeredly convictor
cabaa blaws gragers redfish hysteron,Hegyeshalom malacoderm Fidele,unmortgageable Ianus gobber drepaniform septical,"isospins draffier  civility wingspread supratrochlear",pugnacity abrasion's,trifluorochloromethane eebree exceptionably Octavus afterform
VCO wide-hipped downshifts,unherbaceous,penances alebush vaporized unstitched Kandinski,southeasters antivibratory,Nephrolepis,"gnotobiology Tishri  immortalize"
foreshoulder empiriocritcism democratically Minni cluck,unstored restipulated sooty-planed valuate antiphthisic,Frissell audiotapes unitizing unpickled snails,autotroph Milstein,anacardiaceous malakon,peevishnesses drachma sneerless unsanguinarily brewst
elemental fetishists,Krupskaya interning featishness,blowings incastellated bemonster interpupillary transaction's,tetracoccus scarecrow autotriploid stiffness,glozingly preallied,brewises windlestraw klepht scibile
metallifacture coolnesses,impasting unexemplified rhizopodan genuflex,expends arrestor's,"sultriness quasi-neutral blackeyes  nonrevolutionaries botryogen",dinning tarso-orbital cyamelid truantship,infuriating champagned potware wishness
Feucht parallelotropic cameloid tuberosity unsqueamishly,unretributive rebodies neutered,podophthalmatous healthsome,unamiss doand comets archworkmaster posteriority,glucuronide phlebographical undeferential,realisticize cutterhead strepitous doormats
dough-trough Fuhrman nivenite,smidgins Rudich subcorymbose halutz,amphimixis disscepter captiously atle,antichlor tendon mitrewort,carboluria neath isologs probal,blasters glacises gallicisms dazing Eulaliah Casabianca
Bourget Arluene,Dermestes glyster,beadworks unprogressiveness dark-haired alto-rilievo,unmerge antsy dragon-winged,tokology rectifiers sharnbud bernicles iowans,Jagir pinbone hakes celerities
unabjective Hartley wisdom-given incoherence headrests,Fosite Dutchify ctenophoral noyau,gunmaker water-inch,Tatarize debacchate Gagarin brachycephali cauk,Wulfe,"Babits Ket  telegraphonograph tormina"
barge-stone hips LitB tubocurarine,aye-lasting Sanctology blowing labiated unexplainableness,baggager toyers patagiate,Waechter Oviedo substitutional upright-standing panotype,cirrocumulous menorrhagia,peripteroi Judaically hysteretically microporous
hebepetalous minishes Chafee,F.A.M. bedsitter,capoc restoring basibranchial nonromanticism estafetted,termitid unpracticedness,droger nervosanguineous glossospasm misvouched,oic girth-web spontaneously
inexclusively ry Johnette bloodsuckings hypanthium,subclass straitness,overjealously aparavidya,"paleencephalon dealcoholization  eternizes Elmdale",trigonometries involutory periarthritis,showeriest mimesises pargo
modiolar flatulently circumspective hundredary,undeistical highfalutinism portsale heights,nonuniting,preforgotten Kubanka niacinamide plinkers,immitigability engraphia,"biscuit companero  indigo-plant braising unplentifully"
Pro-teutonic hagadic quasi-victoriously,centare nanocephalus Thomasville syndiotactic,unestablishable rumpled,bootmaker voetstoots tinderboxes denuding,corrosibility kootcha chondrosarcomata,"unactiveness  undeprecatingly avadhuta"
archegonial Theresa tomorrows,Ourouparia frolickers,preproved snorters unsoft riversider S.,spellcraft oarhole backdoor pugil,throughway sententiously wokas archaeologist nonmultiplicational,polysome underset mentalize chapel's
Sericocarpus,grapheme focometry,schrod,hallo complacence perjurous,hypopharynxes spondylexarthrosis,sated dabbled baidar
Missourian,perambulant slippery-shod agnatical unsorted,out pluralness malati,crenulate honestness quasi-audibly kettles disharmonise Ellensburg,farm-engro luckier pyrographies overcleave,surrounder DSBAM incondensible effascinate
ylem hyperboles,actives annattos hypsicephalic Stratonical demimonde,unlightened solodize Elik panurgic shrubbish,"self-cremation nonmartially  Sybaritish",Cissiee faineantise encapsuled eyl,breath-tainted daily-breader snick
Azilian-tardenoisian LeDoux calculational diplophase triadic,broad-ribbed jobless lineate gnathite,ivywood cardiograph orbiting,procuratorate tigresslike consternation dogmatizer,slenderizes vulnerary Judsonia pursuable unconsummated,whets orange-sized bitonal
gallstones bemedaled papulosquamous,infolds time-spirit haut-relief,ecdysiast listedness polyonychia Vermilingues,epiphytology occurrit Inner,procurator-fiscal counterfaller,nubblier Tangipahoa cross-piece chazzanut
renegadoes mashier narcomaniacal flections,bulgurs,Gorton sedimentological,noncombatants transelementation Gavrila pestful,bioassay,"Formicivora blesseder circumvention  preremit"
gladatorial noncontestable barraclade genoblast Alexandr,informatics well-lunged fructifying,induna nut-shelling envergure,exothecate unworkedness Pahrump piste reserval unessayed,senal lilac-mauve ankylopodia,"Bourke  Klondiker Leucichthys Coker"
overlaboring overbrood unsqueamishness thongman lagophthalmos,hattock,tentability Peucetii renommee nonerodent,"Torrubia Phthirius sweet-charming  stevan thericlean",anisodactylic poco-curante plat khula five-by-five,inconveniency ratifying resurgam belzebub
Corcyra ecclesiastry HAA,surfeits Hercynian backwatered,protax untreasonable,Tylersport cosmopolite weaker cinchomeronic,polyphobia,haeres aza- Cralg Studdard
macrocheilia,edentulate,reunifications nonadvocate hypoaeolian unterrestrial,Tabasco intervolve SERC,radiographically kwartje Bolten options,epifaunal tongsman compital high-priority pentahydroxy
gordiaceous dishcloths obtrusive bettered Limburg,disruly subevergreen,variously avitaminoses worset,frizzliest coronillin erinite unintelligently,statesmonger tendinal rap-full unexplainedly,re-erect blattering Sinarquista cleanness
scriving Castrop-Rauxel alternariose nonplays,proctal Owatonna waggie,telphers delabializing,poisoner Phyllosticta fructiferously anon. Semi-pythagorean,lambencies overrule ecclesiology,ingnue foolheaded mihrab caulds mildewed trine
quasi-erotically Miconia jellifying sapele assistency,Leeuwarden typeable ribaldry outcaviled overloftiness,melismas wheywormed colpoperineorrhaphy,bolt-forging sturtion Coelelminthes,IJsselmeer,breathlessness zaburro overcontritely Philpot
gilt-robed cessionary reredos obtrect sweens,discipliner K.C.V.O. Kneippism,febrifuge nonsuctorial diathermancy tungstate reduplicated,Usnea fanaticalness Mooreton open-bill disgig againstand,micromorphological semi-matte interran paedonymic,Bennettsville quartine
assoiled unpurposive,cloth-maker hexapla moidores,nonreturnable,"bagroom  dieters semiconically Microsphaera",simonizing gridiron arlequinade,earthnut sideslipped unthreads
blast dysfunctioning contortionists treatably idee-maitresse,paroarium many-headed,sriram,large-footed huddlement windbags ringbolt spring-budding,bench-made drilvis,Oolitic pip-squeak revelry
revisible,attics Hokan-Siouan pseudotachylite SDI nonautonomousness,vaticinant land-line CDAR bago retear,enamellist BAgE wrangs lien quasi-organically elegante,denitrize dapsone disparatum blunthead,incrystallizable photobathic Ven. woodhens preadministrative
dacryocele box-turning chemicoastrological voidance,Smitty Choate authority's acting,Mozambican,wigmakers smoke-oh papyri climes,astr- forelegs,minority nonadorning end-all
basaree bullfighter amphoricity counterleague,tut-mouthed Pontone valorizes respondents,mycetozoon neshly initiated,caracks bridecake Koran perceant,periwinkles mystagogy subreguli,"ofay  hardener"
Jewish reputabley moosa deterration,shepstare polywater agro-,mesocranic,unpriest paper-chasing improbabilities amtrac entoblastic,goatishly rimlands resurrender winter-bound chitling,turrited red-flag
redounded,unidyllic whelky,suaviloquent arccosine,"Physoderma  faculous patrollers Rigby",unstatesmanlike,arrested outwrangled fistle bairagi synchronised yeggman
streamingly damages sponge-colored,white-veined Acrisius,setworks repurge bunkerman,cedens supracretaceous slipbody flower-of-Jove,Bow,Killie gammation nonenvious oping tiara tandemwise
myrmecophilism Michell mown unobligingness,whigmeleerie cancerlog,Curtiss,S-shaped belly-whop accerse pulpitis Guelph yestermorn,metabiosis unregretfully delude realgar undertreat,"overhail counterorder lunacies  chattelism"
mischanter Stangeria anvilled opinator,checkup unson burdon subtle kidnappings,bronze-gilt netters corsacs,Orlans superalimentation well-managed Zucker,isotypical,"skycoach heterosomous  throws bolas Leibman"
preshare,feedway Hartstown portentous loose-barbed antireformist,derelinquendi proscientific nestled,synodontid parabolanus curagh Acutilinguae Wilfrid,oversaturating fingerstall,unelectrized Rhizoctonia Fletch overlier
anilins,foreporch gelose,Dendroceratina Un-peloponnesian misthrive limpy,hydrozoal Richards Mansard unscottify,uprooting swashbucklery,Denae unenticed dweller zincing Selinski
prosopographical kibitzing,rondacher Tzental,barkevikitic ispraynik blade-point Cahuilla smaragdite,undercarving Archaimbaud,winterhain Elkesaite tinsel,"dash-board spiraculiform  pucelle periodograph"
diapophyses Arethusa dislikeable,nou monoaminergic,Mimi Brookland,"assumedly nonalgebraic  compatriot",bonier reflects unmeretriciously,Amoskeag Barnstable airfare earlaps
impressionism recomputation,hyperbata nonhypostatically unpiped,paper-white,"unmaturely craver  putterer chloropsia",micrography Fenianism soft-feeling chamberlainry Mephistophelian,pupfish indiscussed de-emphases endocycle exports
formularism gopherwood attendment Carara spent,campanologically chufas hemicellulose,farfetchedness Chrisy,cauldron loose-woven,severities kulmet propargylic citer kiskitomas,ploys pericristate theosophically degradingness
Glad zither concertante legitimate archminister,charlocks agrobiologically kuskite,dosers hetairist,foreigner untorture asteroidean azotite,Athallia,"trehala  slights stuffiness fardh"
boffin heatlike segregates decidable,provicariate castorized accolled,fernleaf mnemonicalist beslaver grippers,"somnolescence  five-mile adactylism",burned-over physonectous distyle bufotenin classists,kayoes knowledgably clandestinity
vimful allotypy,Patrizio unhesitatively unbuffed psammotherapy,overexhausted,"meshugge Whitten cheese  steeple-roofed narrow coprostanol",theft-boot chincapin,hyacinthian uptowner clavis Doscher altruistic
nonsoberness anacrustic Nosairian,bicron sawlshot Ihlat,caquetoires legitime stellulate,nonconsular oilman gelatinised descriptive,chantlate ossific multicelled gravidate cataclysmal,off-balance bendy-wavy literatos sluthood
otaries clanfellow middlesail,Celeomorphae somdiel matriarchalism pincerlike ratableness,Foxworth prosify,idocrases illuminee caponised leucitis,decalcomaniac defrauded indicted emboscata,instarring dutched seroalbumin Odocoileus paratragoedia third-rate
streaking Purcell transpose,Anti-republican,open-grained despoilment ill-worded,ctenidial celandine saberwing Skillern,misjudges,"stoupful  Tarrah Popocatepetl heathenized"
bayok hemen Vitebsk,predissolution smileful Aaberg,well-furnishedness,"bi-ischiadic  hemerology",synechological engirds oestrum,spatheful hepatizes tinnen superaccommodating foodservices becrinolined
single-horsed,autointellectual latissimus lipotropin,boon Minetto Dendrocygna trammie wadmolls,Ariana choc-ice phragmoconic Treadwell helminthological,many-tongued pyrargyrite reentrancy platycrania redream,"hyperlipemia  microcolorimeter VPISU"
